<theme>
   <formatVersion>7</formatVersion>

   <include>./help-system.xml</include>

   <view name="screen">
      <batteryIndicator name="batteryIndicator">
         <pos>0 0.018518518518519</pos><!-- 0 20 -->
         <size>0.989583333333333 0.041666666666667</size><!-- 1900 50 -->
      </batteryIndicator>
   </view>

   <view name="system">
      <text name="logoText">
         <fontSize>0.1</fontSize><!-- 108 -->
      </text>
      <image ifSubset="system-view-style:centered|centered-custom|centered-one-logo" name="system-art-mask" extra="true">
         <path>./_inc/images/system-art-mask-16-10.png</path>
      </image>
      <carousel ifSubset="system-view-style:multi|multi-custom" name="systemcarousel">
         <maxLogoCount>5</maxLogoCount>
      </carousel>
      <image ifSubset="system-view-style:fullscreen-custom" name="system-art" extra="true">
         <size>0 1</size>
      </image>
   </view>

   <view name="basic,detailed,video">
      <image name="logo">
         <maxSize>0.276041666666667 0.1</maxSize><!-- 530 120 -->
      </image>
      <text name="logoText">
         <size>0.276041666666667 0.1</size><!-- 530 120 -->
         <fontSize>0.05</fontSize><!-- 54 -->
      </text>
      <textlist name="gamelist">
         <fontSize>0.035</fontSize><!-- 42 -->
         <lineSpacing>1.476190476190476</lineSpacing><!-- 62 -->
      </textlist>
   </view>

   <view name="basic">
      <image name="logo">
         <pos>0.5 0.120833333333333</pos><!-- 50% 145 -->
      </image>
      <text name="logoText">
         <pos>0.5 0.120833333333333</pos><!-- 50% 145 -->
      </text>
      <textlist name="gamelist">
         <pos>0.5 0.233333333333333</pos><!-- 50% 280 -->
         <size ifHelpPrompts="true">0.895833333333333 0.62</size><!-- 1720 744(62X12) -->
         <size ifHelpPrompts="false">0.895833333333333 0.723333333333333</size><!-- 1720 868(62X14) -->
      </textlist>
   </view>

   <view name="detailed,video">
      <image name="logo">
         <pos>0.1875 0.120833333333333</pos><!-- 360 145 -->
      </image>
      <text name="logoText">
         <pos>0.1875 0.120833333333333</pos><!-- 360 145 -->
      </text>
      <textlist name="gamelist">
         <pos>0.033854166666667 0.233333333333333</pos><!-- 65 280 -->
         <size ifHelpPrompts="true">0.307291666666667 0.62</size><!-- 590 744(62X12) -->
         <size ifHelpPrompts="false">0.307291666666667 0.723333333333333</size><!-- 590 868(62X14) -->
      </textlist>
      <image name="gamelist-background" extra="true">
         <size>0.375 1</size><!-- 720 1200 -->
      </image>
   </view>

   <view ifSubset="gamelist-view-style:metadata-on|metadata-on-immersive" name="detailed,video">
      <text name="md_description">
         <pos ifHelpPrompts="true">0.408333333333333 0.71</pos><!-- 784 852 -->
         <size ifHelpPrompts="true">0.395833333333333 0.14</size><!-- 760 168 -->
         <pos ifHelpPrompts="false">0.408333333333333 0.71</pos><!-- 784 852 -->
         <size ifHelpPrompts="false">0.395833333333333 0.233333333333333</size><!-- 760 280 -->
         <fontSize>0.033333333333333</fontSize><!-- 40 -->
         <lineSpacing>1.5</lineSpacing>
      </text>
      <rating name="md_rating">
         <pos>0.854166666666667 0.729166666666667</pos><!-- 1640 875 -->
         <size>0 0.033333333333333</size><!-- - 40 -->
      </rating>
      <image name="md_releasedate_icon">
         <pos>0.854166666666667 0.7825</pos><!-- 1640 939 -->
         <maxSize>0.020833333333333 0.033333333333333</maxSize><!-- 40 40 -->
      </image>
      <datetime name="md_releasedate">
         <pos>0.884375 0.7825</pos><!-- 1698 939 -->
         <fontSize>0.023333333333333</fontSize><!-- 28 -->
      </datetime>
      <image name="md_players_icon">
         <pos>0.854166666666667 0.834166666666667</pos><!-- 1640 1001 -->
         <maxSize>0.020833333333333 0.033333333333333</maxSize><!-- 40 40 -->
      </image>
      <text name="md_players">
         <pos>0.884375 0.834166666666667</pos><!-- 1698 1001 -->
         <fontSize>0.023333333333333</fontSize><!-- 28 -->
      </text>
      <image ifHelpPrompts="false" name="md_gametime_icon">
         <pos>0.854166666666667 0.881666666666667</pos><!-- 1640 1058 -->
         <maxSize>0.01875 0.03</maxSize><!-- 36 36 -->
      </image>
      <text ifHelpPrompts="false" name="md_gametime">
         <pos>0.884375 0.881666666666667</pos><!-- 1698 1058 -->
         <fontSize>0.023333333333333</fontSize><!-- 28 -->
      </text>
      <image ifHelpPrompts="false" name="md_playcount_icon">
         <pos>0.854166666666667 0.93</pos><!-- 1640 1116 -->
         <maxSize>0.020833333333333 0.033333333333333</maxSize><!-- 40 40 -->
      </image>
      <text ifHelpPrompts="false" name="md_playcount">
         <pos>0.884375 0.93</pos><!-- 1698 1116 -->
         <fontSize>0.023333333333333</fontSize><!-- 28 -->
      </text>
      <image name="game-metadata-background" extra="true">
         <pos ifSubset="gamelist-view-style:metadata-on">0.375 0</pos><!-- 720 0 -->
         <size ifSubset="gamelist-view-style:metadata-on">0.625 1</size><!-- 1200 1080-->
         <zIndex ifSubset="gamelist-view-style:metadata-on">1</zIndex>
         <pos ifSubset="gamelist-view-style:metadata-on-immersive">0.375 0.658333333333333</pos><!-- 720 790 -->
         <size ifHelpPrompts="true" ifSubset="gamelist-view-style:metadata-on-immersive">0.625 0.2375</size><!-- 1200 285-->
         <size ifHelpPrompts="false" ifSubset="gamelist-view-style:metadata-on-immersive">0.625 0.341666666666667</size><!-- 1200 410-->
      </image>
      <image ifSubset="gamelist-view-style:metadata-on-immersive" name="md_marquee">
         <origin>1 1</origin>
         <pos>0.973958333333333 0.6875</pos><!-- 1870 705 -->
         <maxSize>0.15625 0.18</maxSize><!-- 780 216 -->
      </image>
   </view>
   <view ifSubset="gamelist-view-style:metadata-on|metadata-on-immersive" name="detailed">
      <image name="md_image">
         <pos>0.6875 0.345833333333333</pos><!-- 1320 415 -->
         <maxSize ifSubset="gamelist-view-style:metadata-on">0.5625 0.566666666666667</maxSize><!-- 1080 680 -->
         <maxSize ifSubset="gamelist-view-style:metadata-on-immersive">0.625 1</maxSize><!-- 1200 1200 -->
         <zIndex>2</zIndex>
      </image>
   </view>
   <view ifSubset="gamelist-view-style:metadata-on|metadata-on-immersive" name="video">
      <video name="md_video">
         <pos>0.6875 0.345833333333333</pos><!-- 1320 415 -->
         <maxSize ifSubset="gamelist-view-style:metadata-on">0.5625 0.566666666666667</maxSize><!-- 1080 680 -->
         <maxSize ifSubset="gamelist-view-style:metadata-on-immersive">0.625 1</maxSize><!-- 1200 1200 -->
         <zIndex>1</zIndex>
      </video>
   </view>

   <view ifSubset="gamelist-view-style:metadata-off|metadata-off-immersive" name="detailed,video">
      <image ifSubset="gamelist-view-style:metadata-off-immersive" name="md_marquee">
         <pos ifHelpPrompts="true">0.6875 0.447916666666667</pos><!-- 1320 537.5 -->
         <pos ifHelpPrompts="false">0.6875 0.5</pos><!-- 1320 600 -->
         <maxSize>0.40625 0.754166666666667</maxSize><!-- 780 905 -->
      </image>
   </view>
   <view ifSubset="gamelist-view-style:metadata-off|metadata-off-immersive" name="detailed">
      <image name="md_image">
         <pos ifHelpPrompts="true">0.6875 0.447916666666667</pos><!-- 1320 537.5 -->
         <pos ifHelpPrompts="false">0.6875 0.5</pos><!-- 1320 600 -->
         <maxSize ifHelpPrompts="true" ifSubset="gamelist-view-style:metadata-off">0.5625 0.795833333333333</maxSize><!-- 1080 955 -->
         <maxSize ifHelpPrompts="false" ifSubset="gamelist-view-style:metadata-off">0.5625 0.9</maxSize><!-- 1080 1080 -->
         <maxSize ifSubset="gamelist-view-style:metadata-off-immersive">1.1 1.1</maxSize>
      </image>
   </view>
   <view ifSubset="gamelist-view-style:metadata-off|metadata-off-immersive" name="video">
      <video name="md_video">
         <pos ifHelpPrompts="true">0.6875 0.447916666666667</pos><!-- 1320 537.5 -->
         <pos ifHelpPrompts="false">0.6875 0.5</pos><!-- 1320 600 -->
         <maxSize ifHelpPrompts="true" ifSubset="gamelist-view-style:metadata-off">0.5625 0.795833333333333</maxSize><!-- 1080 955 -->
         <maxSize ifHelpPrompts="false" ifSubset="gamelist-view-style:metadata-off">0.5625 0.9</maxSize><!-- 1080 1080 -->
         <maxSize ifSubset="gamelist-view-style:metadata-off-immersive">1.1 1.1</maxSize>
      </video>
   </view>

</theme>