<theme>
   <formatVersion>7</formatVersion>

   <include>./help-system.xml</include>

   <view name="screen">
      <batteryIndicator name="batteryIndicator">
         <pos>0 0.018518518518519</pos><!-- 0 20 -->
         <size>0.989583333333333 0.046296296296296</size><!-- 1900 50 -->
      </batteryIndicator>
   </view>

   <view name="system">
      <text name="logoText">
         <fontSize>0.1</fontSize><!-- 108 -->
      </text>
      <image ifSubset="system-view-style:centered|centered-custom|centered-one-logo" name="system-art-mask" extra="true">
         <path>./_inc/images/system-art-mask-16-9.png</path>
      </image>
      <carousel ifSubset="system-view-style:multi|multi-custom" name="systemcarousel">
         <logoSize>1.1 1.1</logoSize>
         <maxLogoCount>5</maxLogoCount>
      </carousel>
      <image ifSubset="system-view-style:fullscreen-custom" name="system-art" extra="true">
         <size>1 0</size>
      </image>
   </view>

   <view name="basic,detailed,video">
      <image name="logo">
         <maxSize>0.276041666666667 0.111111111111111</maxSize><!-- 530 120 -->
      </image>
      <text name="logoText">
         <size>0.276041666666667 0.111111111111111</size><!-- 530 120 -->
         <fontSize>0.05</fontSize><!-- 54 -->
      </text>
      <textlist name="gamelist">
         <fontSize>0.038888888888889</fontSize><!-- 42 -->
         <lineSpacing>1.476190476190476</lineSpacing><!-- 62 -->
      </textlist>
   </view>

   <view name="basic">
      <image name="logo">
         <pos>0.5 0.134259259259259</pos><!-- 50% 145 -->
      </image>
      <text name="logoText">
         <pos>0.5 0.134259259259259</pos><!-- 50% 145 -->
      </text>
      <textlist name="gamelist">
         <pos>0.5 0.261111111111111</pos><!-- 50% 282 -->
         <size ifHelpPrompts="true">0.84375 0.575925925925926</size><!-- 1620 622(62X10) -->
         <size ifHelpPrompts="false">0.84375 0.690740740740741</size><!-- 1620 746(62X12) -->
      </textlist>
   </view>

   <view name="detailed,video">
      <image name="logo">
         <pos>0.1875 0.134259259259259</pos><!-- 360 145 -->
      </image>
      <text name="logoText">
         <pos>0.1875 0.134259259259259</pos><!-- 360 145 -->
      </text>
      <textlist name="gamelist">
         <pos>0.033854166666667 0.261111111111111</pos><!-- 65 282 -->
         <size ifHelpPrompts="true">0.296875 0.575925925925926</size><!-- 570 622(62X10) -->
         <size ifHelpPrompts="false">0.296875 0.690740740740741</size><!-- 570 746(62X12) -->
      </textlist>
      <image name="gamelist-background" extra="true">
         <size>0.375 1</size><!-- 720 1200 -->
      </image>
   </view>

   <view ifSubset="gamelist-view-style:metadata-on|metadata-on-immersive" name="detailed,video">
      <text name="md_description">
         <pos ifHelpPrompts="true">0.408333333333333 0.677777777777778</pos><!-- 784 732 -->
         <size ifHelpPrompts="true">0.395833333333333 0.155555555555556</size><!-- 760 168 -->
         <pos ifHelpPrompts="false">0.408333333333333 0.677777777777778</pos><!-- 784 732 -->
         <size ifHelpPrompts="false">0.395833333333333 0.259259259259259</size><!-- 760 280 -->
         <fontSize>0.037037037037037</fontSize><!-- 40 -->
         <lineSpacing>1.5</lineSpacing>
      </text>
      <rating name="md_rating">
         <pos>0.854166666666667 0.699074074074074</pos><!-- 1640 755 -->
         <size>0 0.037037037037037</size><!-- - 40 -->
      </rating>
      <image name="md_releasedate_icon">
         <pos>0.854166666666667 0.758333333333333</pos><!-- 1640 819 -->
         <maxSize>0.020833333333333 0.037037037037037</maxSize><!-- 40 40 -->
      </image>
      <datetime name="md_releasedate">
         <pos>0.884375 0.758333333333333</pos><!-- 1698 819 -->
         <fontSize>0.025925925925926</fontSize><!-- 28 -->
      </datetime>
      <image name="md_players_icon">
         <pos>0.854166666666667 0.815740740740741</pos><!-- 1640 881 -->
         <maxSize>0.020833333333333 0.037037037037037</maxSize><!-- 40 40 -->
      </image>
      <text name="md_players">
         <pos>0.884375 0.815740740740741</pos><!-- 1698 881 -->
         <fontSize>0.025925925925926</fontSize><!-- 28 -->
      </text>
      <image ifHelpPrompts="false" name="md_gametime_icon">
         <pos>0.854166666666667 0.868518518518519</pos><!-- 1640 938 -->
         <maxSize>0.01875 0.033333333333333</maxSize><!-- 36 36 -->
      </image>
      <text ifHelpPrompts="false" name="md_gametime">
         <pos>0.884375 0.868518518518519</pos><!-- 1698 938 -->
         <fontSize>0.025925925925926</fontSize><!-- 28 -->
      </text>
      <image ifHelpPrompts="false" name="md_playcount_icon">
         <pos>0.854166666666667 0.922222222222222</pos><!-- 1640 996 -->
         <maxSize>0.020833333333333 0.037037037037037</maxSize><!-- 40 40 -->
      </image>
      <text ifHelpPrompts="false" name="md_playcount">
         <pos>0.884375 0.922222222222222</pos><!-- 1698 996 -->
         <fontSize>0.025925925925926</fontSize><!-- 28 -->
      </text>
      <image name="game-metadata-background" extra="true">
         <pos ifSubset="gamelist-view-style:metadata-on">0.375 0</pos><!-- 720 0 -->
         <size ifSubset="gamelist-view-style:metadata-on">0.625 1</size><!-- 1200 1080-->
         <zIndex ifSubset="gamelist-view-style:metadata-on">1</zIndex>
         <pos ifSubset="gamelist-view-style:metadata-on-immersive">0.375 0.62037037037037</pos><!-- 720 670 -->
         <size ifHelpPrompts="true" ifSubset="gamelist-view-style:metadata-on-immersive">0.625 0.263888888888889</size><!-- 1200 285-->
         <size ifHelpPrompts="false" ifSubset="gamelist-view-style:metadata-on-immersive">0.625 0.37962962962963</size><!-- 1200 410-->
      </image>
      <image ifSubset="gamelist-view-style:metadata-on-immersive" name="md_marquee">
         <origin>1 1</origin>
         <pos>0.973958333333333 0.652777777777778</pos><!-- 1870 705 -->
         <maxSize>0.15625 0.2</maxSize><!-- 300 216 -->
      </image>
   </view>
   <view ifSubset="gamelist-view-style:metadata-on|metadata-on-immersive" name="detailed">
      <image name="md_image">
         <pos>0.6875 0.324074074074074</pos><!-- 1320 350 -->
         <maxSize ifSubset="gamelist-view-style:metadata-on">0.5625 0.518518518518519</maxSize><!-- 1080 560 -->
         <maxSize ifSubset="gamelist-view-style:metadata-on-immersive">0.625 1</maxSize><!-- 1200 1080 -->
         <zIndex>2</zIndex>
      </image>
   </view>
   <view ifSubset="gamelist-view-style:metadata-on|metadata-on-immersive" name="video">
      <video name="md_video">
         <pos>0.6875 0.324074074074074</pos><!-- 1320 350 -->
         <maxSize ifSubset="gamelist-view-style:metadata-on">0.5625 0.518518518518519</maxSize><!-- 1080 560 -->
         <maxSize ifSubset="gamelist-view-style:metadata-on-immersive">0.625 1</maxSize><!-- 1200 1080 -->
         <zIndex>1</zIndex>
      </video>
   </view>

   <view ifSubset="gamelist-view-style:metadata-off|metadata-off-immersive" name="detailed,video">
      <image ifSubset="gamelist-view-style:metadata-off-immersive" name="md_marquee">
         <pos ifHelpPrompts="true">0.6875 0.44212962962963</pos><!-- 1320 477.5 -->
         <pos ifHelpPrompts="false">0.6875 0.5</pos><!-- 1320 600 -->
         <maxSize>0.40625 0.652777777777778</maxSize><!-- 780 705 -->
      </image>
   </view>
   <view ifSubset="gamelist-view-style:metadata-off|metadata-off-immersive" name="detailed">
      <image name="md_image">
         <pos ifHelpPrompts="true">0.6875 0.44212962962963</pos><!-- 1320 477.5 -->
         <pos ifHelpPrompts="false">0.6875 0.5</pos><!-- 1320 600 -->
         <maxSize ifHelpPrompts="true" ifSubset="gamelist-view-style:metadata-off">0.5625 0.773148148148148</maxSize><!-- 1080 835 -->
         <maxSize ifHelpPrompts="false" ifSubset="gamelist-view-style:metadata-off">0.5625 0.888888888888889</maxSize><!-- 1080 960 -->
         <maxSize ifSubset="gamelist-view-style:metadata-off-immersive">1.1 1.1</maxSize>
      </image>
   </view>
   <view ifSubset="gamelist-view-style:metadata-off|metadata-off-immersive" name="video">
      <video name="md_video">
         <pos ifHelpPrompts="true">0.6875 0.44212962962963</pos><!-- 1320 477.5 -->
         <pos ifHelpPrompts="false">0.6875 0.5</pos><!-- 1320 600 -->
         <maxSize ifHelpPrompts="true" ifSubset="gamelist-view-style:metadata-off">0.5625 0.773148148148148</maxSize><!-- 1080 835 -->
         <maxSize ifHelpPrompts="false" ifSubset="gamelist-view-style:metadata-off">0.5625 0.888888888888889</maxSize><!-- 1080 960 -->
         <maxSize ifSubset="gamelist-view-style:metadata-off-immersive">1.1 1.1</maxSize>
      </video>
   </view>

</theme>