<theme>
   <formatVersion>7</formatVersion>
   <variables ifSubset="color-scheme:art-book-next|custom">
      <backgroundColor>000000</backgroundColor>
      <!-- System View -->
      <systemBackgroundColor>111111</systemBackgroundColor>
      <systemCarouselBackgroundColor>000000</systemCarouselBackgroundColor>
      <systemArtColor>ffffff</systemArtColor>
      <systemArtSaturation>1</systemArtSaturation>
      <systemArtFade>00000044</systemArtFade>
      <systemMaskColor>111111</systemMaskColor>
      <systemLogoColor>eeeeee</systemLogoColor>
      <!-- Gamelist View - List Variants -->
      <gamelistListTextlistBackgroundColor>111111</gamelistListTextlistBackgroundColor>
      <gamelistListLogoColor>ffffffaa</gamelistListLogoColor>
      <gamelistListTextlistSelectedColor>ffffff</gamelistListTextlistSelectedColor>
      <gamelistListTextlistUnselectedColor>ffffff33</gamelistListTextlistUnselectedColor>
      <gamelistListMetadataBackgroundColor>222222</gamelistListMetadataBackgroundColor>
      <gamelistListMetadataColor>ffffff55</gamelistListMetadataColor>
      <gamelistListMetadataIconColor>ffffff22</gamelistListMetadataIconColor>
      <gamelistListDescriptionColor>ffffffee</gamelistListDescriptionColor>
      <gamelistListRatingColor>ffffff44</gamelistListRatingColor>
      <!-- Help System -->
      <helpBackgroundColor>000000</helpBackgroundColor>
      <helpIconColor>ffffff66</helpIconColor>
      <helpTextColor>ffffff66</helpTextColor>
      <!-- Menu System -->
      <menuBackgroundColor>111111</menuBackgroundColor>
      <statusBarBackgroundColor>111111</statusBarBackgroundColor>
      <statusBarIconColor>eeeeee</statusBarIconColor>
   </variables>
   <variables ifSubset="color-scheme:art-book">
      <backgroundColor>000000</backgroundColor>
      <!-- System View -->
      <systemBackgroundColor>111111</systemBackgroundColor>
      <systemCarouselBackgroundColor>000000</systemCarouselBackgroundColor>
      <systemArtColor>ffffff</systemArtColor>
      <systemArtSaturation>1</systemArtSaturation>
      <systemArtFade>00000044</systemArtFade>
      <systemMaskColor>111111</systemMaskColor>
      <systemLogoColor>eeeeee</systemLogoColor>
      <!-- Gamelist View - List Variants -->
      <gamelistListTextlistBackgroundColor>111111</gamelistListTextlistBackgroundColor>
      <gamelistListLogoColor>ffffffaa</gamelistListLogoColor>
      <gamelistListTextlistSelectedColor>ffffff</gamelistListTextlistSelectedColor>
      <gamelistListTextlistUnselectedColor>ffffff33</gamelistListTextlistUnselectedColor>
      <gamelistListMetadataBackgroundColor>dddddd</gamelistListMetadataBackgroundColor>
      <gamelistListMetadataColor>000000aa</gamelistListMetadataColor>
      <gamelistListMetadataIconColor>00000055</gamelistListMetadataIconColor>
      <gamelistListDescriptionColor>000000dd</gamelistListDescriptionColor>
      <gamelistListRatingColor>00000055</gamelistListRatingColor>
      <!-- Help System -->
      <helpBackgroundColor>000000</helpBackgroundColor>
      <helpIconColor>ffffff66</helpIconColor>
      <helpTextColor>ffffff66</helpTextColor>
      <!-- Menu System -->
      <menuBackgroundColor>111111</menuBackgroundColor>
      <statusBarBackgroundColor>111111</statusBarBackgroundColor>
      <statusBarIconColor>eeeeee</statusBarIconColor>
   </variables>
   <variables ifSubset="color-scheme:steam-os">
      <backgroundColor>000000</backgroundColor>
      <!-- System View -->
      <systemBackgroundColor>0D141C</systemBackgroundColor>
      <systemCarouselBackgroundColor>0D141C</systemCarouselBackgroundColor>
      <systemArtColor>ffffff</systemArtColor>
      <systemArtSaturation>1</systemArtSaturation>
      <systemArtFade>00000044</systemArtFade>
      <systemMaskColor>0D141C</systemMaskColor>
      <systemLogoColor>eeeeee</systemLogoColor>
      <!-- Gamelist View - List Variants -->
      <gamelistListTextlistBackgroundColor>0D141C</gamelistListTextlistBackgroundColor>
      <gamelistListLogoColor>ffffffaa</gamelistListLogoColor>
      <gamelistListTextlistSelectedColor>ffffff</gamelistListTextlistSelectedColor>
      <gamelistListTextlistUnselectedColor>ffffff33</gamelistListTextlistUnselectedColor>
      <gamelistListMetadataBackgroundColor>23262F</gamelistListMetadataBackgroundColor>
      <gamelistListMetadataColor>ffffff88</gamelistListMetadataColor>
      <gamelistListMetadataIconColor>ffffff33</gamelistListMetadataIconColor>
      <gamelistListDescriptionColor>ffffffee</gamelistListDescriptionColor>
      <gamelistListRatingColor>ffffff33</gamelistListRatingColor>
      <!-- Help System -->
      <helpBackgroundColor>000000</helpBackgroundColor>
      <helpIconColor>ffffff66</helpIconColor>
      <helpTextColor>ffffff66</helpTextColor>
      <!-- Menu System -->
      <menuBackgroundColor>0D141C</menuBackgroundColor>
      <statusBarBackgroundColor>0D141C</statusBarBackgroundColor>
      <statusBarIconColor>eeeeee</statusBarIconColor>
   </variables>
   <variables ifSubset="color-scheme:snes">
      <backgroundColor>000000</backgroundColor>
      <!-- System View -->
      <systemBackgroundColor>231942</systemBackgroundColor>
      <systemCarouselBackgroundColor>191526</systemCarouselBackgroundColor>
      <systemArtColor>ffffff</systemArtColor>
      <systemArtSaturation>1</systemArtSaturation>
      <systemArtFade>00000044</systemArtFade>
      <systemMaskColor>231942</systemMaskColor>
      <systemLogoColor>eeeeee</systemLogoColor>
      <!-- Gamelist View - List Variants -->
      <gamelistListTextlistBackgroundColor>231942</gamelistListTextlistBackgroundColor>
      <gamelistListLogoColor>ffffffaa</gamelistListLogoColor>
      <gamelistListTextlistSelectedColor>ffffff</gamelistListTextlistSelectedColor>
      <gamelistListTextlistUnselectedColor>ffffff33</gamelistListTextlistUnselectedColor>
      <gamelistListMetadataBackgroundColor>514689</gamelistListMetadataBackgroundColor>
      <gamelistListMetadataColor>ffffffaa</gamelistListMetadataColor>
      <gamelistListMetadataIconColor>ffffff55</gamelistListMetadataIconColor>
      <gamelistListDescriptionColor>ffffffee</gamelistListDescriptionColor>
      <gamelistListRatingColor>ffffff55</gamelistListRatingColor>
      <!-- Help System -->
      <helpBackgroundColor>000000</helpBackgroundColor>
      <helpIconColor>ffffff66</helpIconColor>
      <helpTextColor>ffffff66</helpTextColor>
      <!-- Menu System -->
      <menuBackgroundColor>231942</menuBackgroundColor>
      <statusBarBackgroundColor>231942</statusBarBackgroundColor>
      <statusBarIconColor>eeeeee</statusBarIconColor>
   </variables>
   <variables ifSubset="color-scheme:famicom">
      <backgroundColor>000000</backgroundColor>
      <!-- System View -->
      <systemBackgroundColor>711521</systemBackgroundColor>
      <systemCarouselBackgroundColor>2f1619</systemCarouselBackgroundColor>
      <systemArtColor>DCD6B6</systemArtColor>
      <systemArtSaturation>0.5</systemArtSaturation>
      <systemArtFade>00000044</systemArtFade>
      <systemMaskColor>711521</systemMaskColor>
      <systemLogoColor>DCD6B6</systemLogoColor>
      <!-- Gamelist View - List Variants -->
      <gamelistListTextlistBackgroundColor>711521</gamelistListTextlistBackgroundColor>
      <gamelistListLogoColor>DCD6B6</gamelistListLogoColor>
      <gamelistListTextlistSelectedColor>DCD6B6</gamelistListTextlistSelectedColor>
      <gamelistListTextlistUnselectedColor>ffffff33</gamelistListTextlistUnselectedColor>
      <gamelistListMetadataBackgroundColor>DCD6B6</gamelistListMetadataBackgroundColor>
      <gamelistListMetadataColor>000000aa</gamelistListMetadataColor>
      <gamelistListMetadataIconColor>711521</gamelistListMetadataIconColor>
      <gamelistListDescriptionColor>000000dd</gamelistListDescriptionColor>
      <gamelistListRatingColor>711521</gamelistListRatingColor>
      <!-- Help System -->
      <helpBackgroundColor>000000</helpBackgroundColor>
      <helpIconColor>ffffff66</helpIconColor>
      <helpTextColor>ffffff66</helpTextColor>
      <!-- Menu System -->
      <menuBackgroundColor>711521</menuBackgroundColor>
      <statusBarBackgroundColor>711521</statusBarBackgroundColor>
      <statusBarIconColor>DCD6B6</statusBarIconColor>
   </variables>
   <variables ifSubset="color-scheme:black">
      <backgroundColor>000000</backgroundColor>
      <!-- System View -->
      <systemBackgroundColor>000000</systemBackgroundColor>
      <systemCarouselBackgroundColor>000000</systemCarouselBackgroundColor>
      <systemArtColor>ffffff</systemArtColor>
      <systemArtSaturation>1</systemArtSaturation>
      <systemArtFade>00000044</systemArtFade>
      <systemMaskColor>000000</systemMaskColor>
      <systemLogoColor>eeeeee</systemLogoColor>
      <!-- Gamelist View - List Variants -->
      <gamelistListTextlistBackgroundColor>111111</gamelistListTextlistBackgroundColor>
      <gamelistListLogoColor>ffffffaa</gamelistListLogoColor>
      <gamelistListTextlistSelectedColor>ffffff</gamelistListTextlistSelectedColor>
      <gamelistListTextlistUnselectedColor>ffffff33</gamelistListTextlistUnselectedColor>
      <gamelistListMetadataBackgroundColor>000000</gamelistListMetadataBackgroundColor>
      <gamelistListMetadataColor>ffffff88</gamelistListMetadataColor>
      <gamelistListMetadataIconColor>ffffff33</gamelistListMetadataIconColor>
      <gamelistListDescriptionColor>ffffffee</gamelistListDescriptionColor>
      <gamelistListRatingColor>ffffff33</gamelistListRatingColor>
      <!-- Help System -->
      <helpBackgroundColor>000000</helpBackgroundColor>
      <helpIconColor>ffffff66</helpIconColor>
      <helpTextColor>ffffff66</helpTextColor>
      <!-- Menu System -->
      <menuBackgroundColor>111111</menuBackgroundColor>
      <statusBarBackgroundColor>000000</statusBarBackgroundColor>
      <statusBarIconColor>eeeeee</statusBarIconColor>
   </variables>
   <variables ifSubset="color-scheme:grayscale">
      <backgroundColor>000000</backgroundColor>
      <!-- System View -->
      <systemBackgroundColor>777777</systemBackgroundColor>
      <systemCarouselBackgroundColor>000000</systemCarouselBackgroundColor>
      <systemArtColor>cccccc</systemArtColor>
      <systemArtSaturation>0</systemArtSaturation>
      <systemArtFade>00000044</systemArtFade>
      <systemMaskColor>777777</systemMaskColor>
      <systemLogoColor>cccccc</systemLogoColor>
      <!-- Gamelist View - List Variants -->
      <gamelistListTextlistBackgroundColor>777777</gamelistListTextlistBackgroundColor>
      <gamelistListLogoColor>dddddd</gamelistListLogoColor>
      <gamelistListTextlistSelectedColor>dddddd</gamelistListTextlistSelectedColor>
      <gamelistListTextlistUnselectedColor>dddddd55</gamelistListTextlistUnselectedColor>
      <gamelistListMetadataBackgroundColor>dddddd</gamelistListMetadataBackgroundColor>
      <gamelistListMetadataColor>000000aa</gamelistListMetadataColor>
      <gamelistListMetadataIconColor>00000055</gamelistListMetadataIconColor>
      <gamelistListDescriptionColor>000000dd</gamelistListDescriptionColor>
      <gamelistListRatingColor>00000055</gamelistListRatingColor>
      <!-- Help System -->
      <helpBackgroundColor>000000</helpBackgroundColor>
      <helpIconColor>ffffff66</helpIconColor>
      <helpTextColor>ffffff66</helpTextColor>
      <!-- Menu System -->
      <menuBackgroundColor>777777</menuBackgroundColor>
      <statusBarBackgroundColor>777777</statusBarBackgroundColor>
      <statusBarIconColor>cccccc</statusBarIconColor>
   </variables>
</theme>