<!--
theme name:    Art Book Next
author:        Anthony Caccese
license:       creative commons CC-BY-NC-SA
-->
<theme defaultTransition="instant">
   <formatVersion>7</formatVersion>

   <!-- Variables -->
   <variables>
      <fontBold>./_inc/fonts/Oxygen-Bold.ttf</fontBold>
      <fontLight>./_inc/fonts/Oxygen-Light.ttf</fontLight>
      <fontRegular>./_inc/fonts/Oxygen-Regular.ttf</fontRegular>
      <fontLogo>./_inc/fonts/ChangaOne-Italic.ttf</fontLogo>
      <spacerImage>./_inc/images/space.png</spacerImage>
      <distributionPath>~/roms/jelos/</distributionPath><!-- storage/roms/jelos/ -->
      <themeCustomizationsPath>${distributionPath}theme-customizations/art-book-next/</themeCustomizationsPath>
   </variables>

   <!-- Aspect Ratio -->
   <subset name="aspect-ratio" displayName="Aspect Ratio">
      <include name="16-9" displayName="16:9" />
      <include name="16-10" displayName="16:10" />
      <include name="4-3" displayName="4:3" />
      <include name="3-2" displayName="3:2" />
      <include name="5-3" displayName="5:3" />
      <include name="1-1" displayName="1:1" />
   </subset>

   <!-- Color Scheme -->
   <subset name="color-scheme" displayName="Color Scheme">
      <include name="art-book-next" displayName="Art Book Next" />
      <include name="art-book" displayName="Art Book" />
      <include name="steam-os" displayName="Steam OS" />
      <include name="snes" displayName="SNES" />
      <include name="famicom" displayName="Famicom" />
      <include name="black" displayName="Black" />
      <include name="grayscale" displayName="Grayscale" />
      <include name="custom" displayName="Custom" />
   </subset>
   <include>./colors.xml</include>
   <include ifSubset="color-scheme:custom">${themeCustomizationsPath}colors.xml</include>

   <!-- Fonts -->
   <subset name="fonts" displayName="Font Size">
      <include name="default" displayName="Default" />
      <include name="custom" displayName="Custom" />
   </subset>

   <!-- System View Style -->
   <subset name="system-view-style" displayName="System View: Style">
      <include name="multi" displayName="Multi Artwork" />
      <include name="centered" displayName="Centered Artwork (Multiple Logos)" />
      <include name="centered-one-logo" displayName="Centered Artwork (Single Logo)" />
      <include name="no-artwork" displayName="No Artwork" />
      <include name="centered-custom" displayName="Centered Artwork (Custom)" />
      <include name="multi-custom" displayName="Multi Artwork (Custom)" />
      <include name="fullscreen-custom" displayName="Fullscreen Artwork (Custom)" />
   </subset>

   <!-- Gamelist View Style -->
   <subset name="gamelist-view-style" displayName="Gamelist View: Style">
      <include name="metadata-on" displayName="Metadata On" />
      <include name="metadata-on-immersive" displayName="Metadata On (Immersive)" />
      <include name="metadata-off" displayName="Metadata Off" />
      <include name="metadata-off-immersive" displayName="Metadata Off (Immersive)" />
   </subset>

   <view name="screen">
      <controllerActivity name="controllerActivity">
         <visible>false</visible>
      </controllerActivity>
      <text name="clock">
         <pos>1 1</pos>
      </text>
      <batteryIndicator name="batteryIndicator">
         <color>${statusBarIconColor}</color>
         <itemSpacing>0</itemSpacing>
         <full>./_inc/images/battery-100-vertical.svg</full>
         <at75>./_inc/images/battery-75-vertical.svg</at75>
         <at50>./_inc/images/battery-50-vertical.svg</at50>
         <at25>./_inc/images/battery-25-vertical.svg</at25>
         <empty>./_inc/images/battery-0-vertical.svg</empty>
         <incharge>./_inc/images/battery-charging-vertical.svg</incharge>
         <networkIcon>./_inc/images/wifi-vertical.svg</networkIcon>
      </batteryIndicator>
   </view>

   <view name="system,basic,detailed,video">
      <image name="logo">
         <path>./_inc/systems/${system.theme}.svg</path>
         <path ifSubset="color-scheme:custom">${themeCustomizationsPath}logos/${system.theme}.svg</path>
         <path ifSubset="color-scheme:custom">${themeCustomizationsPath}logos/${system.theme}.png</path>
      </image>
      <text name="logoText">
         <fontPath>${fontLogo}</fontPath>
         <forceUppercase>true</forceUppercase>
         <lineSpacing>1</lineSpacing>
         <alignment>center</alignment>
      </text>
      <image name="background" extra="true">
         <origin>0 0</origin>
         <pos>0 0</pos>
         <size>1 1</size>
         <path>${spacerImage}</path>
         <tile>true</tile>
         <zIndex>0</zIndex>
      </image>
   </view>

   <view name="system">
      <image name="logo">
         <color>${systemLogoColor}</color>
      </image>
      <text name="logoText">
         <color>${systemLogoColor}</color>
         <fontSize>0.15</fontSize>
      </text>
      <carousel name="systemcarousel">
         <origin>0 0</origin>
         <pos>0 0</pos>
         <size>1 1</size>
         <color>00000000</color>
         <type>horizontal</type>
         <logoScale>2</logoScale>
         <logoSize>0.25 0.15</logoSize>
         <maxLogoCount>2</maxLogoCount>
         <maxLogoCount ifSubset="system-view-style:centered-one-logo">1</maxLogoCount>
         <scrollSound>./_inc/sounds/scroll.wav</scrollSound>
         <defaultTransition>instant</defaultTransition>
      </carousel>
      <text name="systemInfo">
         <pos>1 1</pos>
      </text>
      <!-- System View Mask: Centered Artwork -->
      <image ifSubset="system-view-style:centered|centered-custom|centered-one-logo" name="system-art-mask" extra="true">
         <origin>0.5 0</origin>
         <pos>0.5 0</pos>
         <size>0 1</size>
         <color>${systemMaskColor}</color>
         <zIndex>4</zIndex>
      </image>
      <image ifSubset="system-view-style:centered|centered-custom|centered-one-logo" name="system-art-fade" extra="true">
         <origin>0 0</origin>
         <pos>0 0</pos>
         <size>1 1</size>
         <path>${spacerImage}</path>
         <tile>true</tile>
         <color>${systemArtFade}</color>
         <zIndex>3</zIndex>
      </image>
      <image ifSubset="system-view-style:centered|centered-custom|centered-one-logo" name="system-art" extra="true">
         <origin>0.5 0.5</origin>
         <pos>0.5 0.5</pos>
         <size>0 1</size>
         <path>./_inc/systems/_default.png</path>
         <path>./_inc/systems/${system.theme}.png</path>
         <path ifSubset="system-view-style:centered-custom">${themeCustomizationsPath}backgrounds/_default.jpg</path>
         <path ifSubset="system-view-style:centered-custom">${themeCustomizationsPath}backgrounds/_default.png</path>
         <path ifSubset="system-view-style:centered-custom">${themeCustomizationsPath}backgrounds/${system.theme}.jpg</path>
         <path ifSubset="system-view-style:centered-custom">${themeCustomizationsPath}backgrounds/${system.theme}.png</path>
         <color>${systemArtColor}</color>
         <saturation>${systemArtSaturation}</saturation>
         <zIndex>2</zIndex>
      </image>
      <!-- System View Mask: Multi Artwork -->
      <image ifSubset="system-view-style:multi|multi-custom" name="logo">
         <path>./_inc/systems/_default.png</path>
         <path>./_inc/systems/${system.theme}.png</path>
         <path ifSubset="system-view-style:multi-custom">${themeCustomizationsPath}backgrounds/_default.png</path>
         <path ifSubset="system-view-style:multi-custom">${themeCustomizationsPath}backgrounds/${system.theme}.png</path>
         <color>ffffffcc</color>
         <saturation>${systemArtSaturation}</saturation>
      </image>
      <carousel ifSubset="system-view-style:multi|multi-custom" name="systemcarousel">
         <size>1 1</size>
         <logoScale>1</logoScale>
         <logoSize>1 1</logoSize>
         <zIndex>3</zIndex>
      </carousel>
      <image ifSubset="system-view-style:multi|multi-custom" name="system-art" extra="true">
         <origin>0.5 0.5</origin>
         <pos>0.5 0.5</pos>
         <maxSize>0.5 0.3</maxSize>
         <color>${systemLogoColor}</color>
         <path>./_inc/systems/${system.theme}.svg</path>
         <path ifSubset="color-scheme:custom">${themeCustomizationsPath}logos/${system.theme}.svg</path>
         <path ifSubset="color-scheme:custom">${themeCustomizationsPath}logos/${system.theme}.png</path>
         <zIndex>50</zIndex>
      </image>
      <image ifSubset="system-view-style:multi|multi-custom" name="system-carousel-bakground" extra="true">
         <origin>0.5 0</origin>
         <pos>0.5 0</pos>
         <size>1 1</size>
         <tile>true</tile>
         <color>${systemCarouselBackgroundColor}</color>
         <path>${spacerImage}</path>
         <zIndex>2</zIndex>
      </image>
      <!-- System View: Fullscreen Artwork -->
      <image ifSubset="system-view-style:fullscreen-custom" name="system-art-fade" extra="true">
         <origin>0 0</origin>
         <pos>0 0</pos>
         <size>1 1</size>
         <path>${spacerImage}</path>
         <tile>true</tile>
         <color>${systemArtFade}</color>
         <zIndex>3</zIndex>
      </image>
      <image ifSubset="system-view-style:fullscreen-custom" name="system-art" extra="true">
         <origin>0.5 0.5</origin>
         <pos>0.5 0.5</pos>
         <size>0 1</size>
         <path>${themeCustomizationsPath}backgrounds/_default.jpg</path>
         <path>${themeCustomizationsPath}backgrounds/_default.png</path>
         <path>${themeCustomizationsPath}backgrounds/${system.theme}.jpg</path>
         <path>${themeCustomizationsPath}backgrounds/${system.theme}.png</path>
         <saturation>${systemArtSaturation}</saturation>
         <zIndex>2</zIndex>
      </image>
      <!-- System View: No Artwork -->
      <image ifSubset="system-view-style:no-artwork" name="system-art" extra="true">
         <origin>0.5 0</origin>
         <pos>0.5 0</pos>
         <size>1 1</size>
         <tile>true</tile>
         <color>${systemBackgroundColor}</color>
         <path>${spacerImage}</path>
         <zIndex>2</zIndex>
      </image>
      <image name="background" extra="true">
         <color>000000</color>
      </image>
   </view>

   <view name="basic,detailed,video">
      <image name="logo">
         <origin>0.5 0.5</origin>
         <color>${gamelistListLogoColor}</color>
         <zIndex>5</zIndex>
      </image>
      <text name="logoText">
         <origin>0.5 0.5</origin>
         <color>${gamelistListLogoColor}</color>
         <zIndex>5</zIndex>
      </text>
      <textlist name="gamelist">
         <origin>0 0</origin>
         <alignment>left</alignment>
         <fontPath>${fontBold}</fontPath>
         <selectorColor>00000000</selectorColor>
         <selectedColor>${gamelistListTextlistSelectedColor}</selectedColor>
         <primaryColor>${gamelistListTextlistUnselectedColor}</primaryColor>
         <secondaryColor>${gamelistListTextlistUnselectedColor}</secondaryColor>
         <scrollSound>./_inc/sounds/scroll.wav</scrollSound>
         <zIndex>5</zIndex>
      </textlist>
      <image name="gamelist-background" extra="true">
         <origin>0 0</origin>
         <path>${spacerImage}</path>
         <tile>true</tile>
         <color>${gamelistListTextlistBackgroundColor}</color>
         <zIndex>4</zIndex>
      </image>
      <image name="background" extra="true">
         <color>${backgroundColor}</color>
         <zIndex>1</zIndex>
      </image>
   </view>

   <view name="basic">
      <textlist name="gamelist">
         <origin>0.5 0</origin>
         <alignment>center</alignment>
      </textlist>
      <image name="gamelist-background" extra="true">
         <size>1 1</size>
      </image>
   </view>

   <view name="detailed,video">
      <text name="md_lbl_rating,md_lbl_developer,md_developer,md_lbl_publisher,md_publisher,md_lbl_playcount,md_playcount,md_lbl_lastplayed,md_lbl_players,md_players,md_lbl_releasedate,md_lbl_genre,md_genre,md_description,md_name,md_lbl_gametime,md_gametime">
         <origin>0 0.5</origin>
         <pos>1 1</pos>
         <fontPath>${fontBold}</fontPath>
         <alignment>left</alignment>
         <color>${gamelistListMetadataColor}</color>
         <forceUppercase>true</forceUppercase>
      </text>
      <datetime name="md_releasedate,md_lastplayed">
         <origin>0 0.5</origin>
         <pos>1 1</pos>
         <fontPath>${fontBold}</fontPath>
         <color>${gamelistListMetadataColor}</color>
         <alignment>left</alignment>
         <forceUppercase>true</forceUppercase>
         <format>%Y-%m-%d</format>
      </datetime>
      <rating name="md_rating">
         <origin>0 0.5</origin>
         <pos>1 1</pos>
         <color>${gamelistListRatingColor}</color>
         <filledPath>./_inc/images/icon-star-filled.svg</filledPath>
         <unfilledPath>./_inc/images/icon-star-unfilled.svg</unfilledPath>
      </rating>
      <image name="md_releasedate_icon,md_players_icon,md_developer_icon,md_publisher_icon,md_genre_icon,md_lastplayed_icon,md_playcount_icon,md_gametime_icon" extra="true">
         <origin>0 0.5</origin>
         <pos>1 1</pos>
         <color>${gamelistListMetadataIconColor}</color>
      </image>
      <image name="md_releasedate_icon">
         <path>./_inc/images/icon-releasedate.svg</path>
      </image>
      <image name="md_players_icon">
         <path>./_inc/images/icon-players.svg</path>
      </image>
      <image name="md_playcount_icon">
         <path>./_inc/images/icon-playcount.svg</path>
      </image>
      <image name="md_gametime_icon">
         <path>./_inc/images/icon-gametime.svg</path>
      </image>
      <image name="md_lastplayed_icon">
         <path>./_inc/images/icon-lastplayed.svg</path>
      </image>
      <image name="md_genre_icon">
         <path>./_inc/images/icon-genre.svg</path>
      </image>
      <image name="md_developer_icon">
         <path>./_inc/images/icon-developer.svg</path>
      </image>
      <image name="md_publisher_icon">
         <path>./_inc/images/icon-publisher.svg</path>
      </image>
      <text name="md_description">
         <origin>0 0</origin>
         <fontPath>${fontRegular}</fontPath>
         <color>${gamelistListDescriptionColor}</color>
         <forceUppercase>false</forceUppercase>
      </text>
      <image ifSubset="gamelist-view-style:metadata-on|metadata-on-immersive|metadata-off" name="game-metadata-background" extra="true">
         <origin>0 0</origin>
         <path>${spacerImage}</path>
         <tile>true</tile>
         <color>${gamelistListMetadataBackgroundColor}</color>
         <zIndex>2</zIndex>
      </image>
   </view>

   <view name="detailed">
      <image name="md_image">
         <origin>0.5 0.5</origin>
         <color ifSubset="gamelist-view-style:metadata-on-immersive|metadata-off-immersive">FFFFFF99</color>
         <zIndex>3</zIndex>
      </image>
   </view>

   <view name="video">
      <video name="md_video">
         <origin>0.5 0.5</origin>
         <delay>2</delay>
         <effect>none</effect>
         <showSnapshotDelay>true</showSnapshotDelay>
         <showSnapshotNoVideo>true</showSnapshotNoVideo>
         <color ifSubset="gamelist-view-style:metadata-on-immersive">FFFFFFDD</color>
         <color ifSubset="gamelist-view-style:metadata-off-immersive">FFFFFF99</color>
         <zIndex>3</zIndex>
      </video>
   </view>

   <view name="menu">
      <menuText name="menutitle">
         <fontPath>${fontBold}</fontPath>
         <fontSize>0.03</fontSize>
         <color>ffffff</color>
      </menuText>
      <menuText name="menufooter">
         <fontPath>${fontLight}</fontPath>
         <fontSize>0.025</fontSize>
         <color>ffffff77</color>
      </menuText>
      <menuText name="menutext">
         <fontPath>${fontBold}</fontPath>
         <fontSize>0.035</fontSize>
         <color>ffffff77</color>
         <separatorColor>ffffff11</separatorColor>
         <selectedColor>ffffff</selectedColor>
      </menuText>
      <menuTextSmall name="menutextsmall">
         <fontPath>${fontBold}</fontPath>
         <fontSize>0.025</fontSize>
         <color>ffffff77</color>
      </menuTextSmall>
      <menuGroup name="menugroup">
         <fontPath>${fontRegular}</fontPath>
         <fontSize>0.0325</fontSize>
         <color>ffffff</color>
         <separatorColor>ffffff99</separatorColor>
         <backgroundColor>00000000</backgroundColor>
         <lineSpacing>2.5</lineSpacing>
      </menuGroup>
      <menuTextEdit name="menutextedit">
         <inactive>./_inc/images/menu-textinput.png</inactive>
         <active>./_inc/images/menu-textinput-active.png</active>
      </menuTextEdit>
      <menuBackground name="menubg">
         <color>${menuBackgroundColor}</color>
         <cornerSize>20 20</cornerSize>
      </menuBackground>
      <menuIcons name="menuicons">
         <iconSystem>./_inc/images/menu-icon-system.svg</iconSystem>
         <iconUpdates>./_inc/images/menu-icon-update.svg</iconUpdates>
         <iconControllers>./_inc/images/menu-icon-controller.svg</iconControllers>
         <iconGames>./_inc/images/menu-icon-games.svg</iconGames>
         <iconUI>./_inc/images/menu-icon-ui.svg</iconUI>
         <iconSound>./_inc/images/menu-icon-sound.svg</iconSound>
         <iconNetwork>./_inc/images/menu-icon-network.svg</iconNetwork>
         <iconScraper>./_inc/images/menu-icon-scraper.svg</iconScraper>
         <iconAdvanced>./_inc/images/menu-icon-advanced.svg</iconAdvanced>
         <iconQuit>./_inc/images/menu-icon-quit.svg</iconQuit>
         <iconRetroachievements>./_inc/images/menu-icon-achievements.svg</iconRetroachievements>
         <iconKodi>./_inc/images/menu-icon-kodi.svg</iconKodi>
         <iconRestart>./_inc/images/menu-icon-restart.svg</iconRestart>
         <iconShutdown>./_inc/images/menu-icon-shutdown.svg</iconShutdown>
         <iconFastShutdown>./_inc/images/menu-icon-shutdown.svg</iconFastShutdown>
      </menuIcons>
   </view>

   <!-- Aspect Ratio -->
   <include ifSubset="aspect-ratio:16-9">./aspect-ratio-16-9.xml</include>
   <include ifSubset="aspect-ratio:16-10">./aspect-ratio-16-10.xml</include>
   <include ifSubset="aspect-ratio:4-3">./aspect-ratio-4-3.xml</include>
   <include ifSubset="aspect-ratio:3-2">./aspect-ratio-3-2.xml</include>
   <include ifSubset="aspect-ratio:5-3">./aspect-ratio-5-3.xml</include>
   <include ifSubset="aspect-ratio:1-1">./aspect-ratio-1-1.xml</include>

   <!-- Custom Fonts -->
   <include ifSubset="fonts:custom">${themeCustomizationsPath}fonts.xml</include>
        <view name="screen">
         <text name="clock">
             <color>ffffff</color>
             <fontPath>./_inc/fonts/Oxygen-Bold.ttf</fontPath>
         <fontSize>0.04</fontSize>
         <pos>0.30 0.03</pos>
         <size>0.5 0.058</size>
    </text>
    </view>
</theme>